{"stats":{"minecraft:custom":{"minecraft:jump":4,"minecraft:time_since_rest":3795,"minecraft:deaths":1,"minecraft:play_time":4734,"minecraft:damage_taken":250,"minecraft:time_since_death":3517,"minecraft:walk_one_cm":778,"minecraft:sneak_time":38,"minecraft:total_world_time":4734,"minecraft:mob_kills":114,"minecraft:fly_one_cm":36108},"minecraft:killed_by":{"minecraft:zombie":1},"minecraft:killed":{"minecraft:pig":7,"minecraft:bee":2,"minecraft:sheep":13,"minecraft:skeleton":4,"minecraft:fox":1,"minecraft:bat":26,"minecraft:wolf":10,"minecraft:creeper":5,"minecraft:chicken":21,"minecraft:glow_squid":5,"minecraft:cow":6,"minecraft:zombie":2}},"DataVersion":3465}