{"stats":{"minecraft:killed":{"minecraft:axolotl":1,"minecraft:sheep":5,"minecraft:skeleton":8,"minecraft:spider":1,"minecraft:drowned":7,"minecraft:bat":35,"minecraft:glow_squid":5,"minecraft:turtle":2,"minecraft:zombie":14,"minecraft:cod":157,"minecraft:pig":2,"minecraft:dolphin":5,"minecraft:bee":1,"minecraft:chicken":4,"minecraft:creeper":11,"minecraft:squid":16,"minecraft:enderman":1,"minecraft:cow":4},"minecraft:custom":{"minecraft:time_since_rest":1093,"minecraft:crouch_one_cm":686,"minecraft:sprint_one_cm":159,"minecraft:play_time":13205,"minecraft:deaths":1,"minecraft:damage_taken":240,"minecraft:walk_one_cm":1033,"minecraft:sneak_time":335,"minecraft:walk_under_water_one_cm":759,"minecraft:mob_kills":280,"minecraft:jump":7,"minecraft:walk_on_water_one_cm":477,"minecraft:time_since_death":1069,"minecraft:total_world_time":13205,"minecraft:fly_one_cm":165437},"minecraft:used":{"minecraft:jungle_planks":8}},"DataVersion":3465}