{"stats":{"minecraft:picked_up":{"minecraft:feather":2,"minecraft:chicken":2},"minecraft:killed":{"minecraft:sheep":14,"minecraft:skeleton":17,"minecraft:spider":2,"minecraft:bat":86,"minecraft:wolf":10,"minecraft:glow_squid":6,"minecraft:zombie":15,"minecraft:pig":12,"minecraft:bee":3,"minecraft:fox":3,"minecraft:chicken":28,"minecraft:creeper":23,"minecraft:cow":8},"minecraft:custom":{"minecraft:time_since_rest":15110,"minecraft:damage_taken":250,"minecraft:crouch_one_cm":65,"minecraft:play_time":16049,"minecraft:sprint_one_cm":950,"minecraft:deaths":1,"minecraft:walk_one_cm":2846,"minecraft:sneak_time":366,"minecraft:mob_kills":259,"minecraft:jump":16,"minecraft:time_since_death":14832,"minecraft:total_world_time":16049,"minecraft:fly_one_cm":188804},"minecraft:killed_by":{"minecraft:zombie":1},"minecraft:used":{"minecraft:rail":1,"minecraft:flint_and_steel":2,"minecraft:tnt_minecart":163}},"DataVersion":3465}