{"stats":{"minecraft:custom":{"minecraft:time_since_rest":231,"minecraft:sprint_one_cm":12872,"minecraft:damage_taken":435,"minecraft:walk_one_cm":22237,"minecraft:mob_kills":4,"minecraft:damage_dealt":721,"minecraft:interact_with_crafting_table":3,"minecraft:fly_one_cm":9107,"minecraft:play_time":8530,"minecraft:deaths":1,"minecraft:jump":105,"minecraft:leave_game":3,"minecraft:time_since_death":187,"minecraft:climb_one_cm":3034,"minecraft:total_world_time":8530,"minecraft:fall_one_cm":4980},"minecraft:crafted":{"minecraft:oak_planks":4,"minecraft:crafting_table":1,"minecraft:stick":12,"minecraft:wooden_pickaxe":1,"minecraft:stone_pickaxe":1,"minecraft:wooden_axe":1,"minecraft:stone_sword":1,"minecraft:stone_axe":1,"minecraft:jungle_planks":12},"minecraft:mined":{"minecraft:crafting_table":1,"minecraft:grass":6,"minecraft:grass_block":3,"minecraft:oak_log":1,"minecraft:vine":4,"minecraft:jungle_log":3,"minecraft:dirt":9,"minecraft:stone":20,"minecraft:oak_leaves":8},"minecraft:killed":{"minecraft:skeleton":1,"minecraft:spider":1,"minecraft:cow":2},"minecraft:used":{"minecraft:wooden_axe":4,"minecraft:stone_sword":19,"minecraft:wooden_pickaxe":21,"minecraft:stone_axe":1,"minecraft:dirt":21,"minecraft:beef":3,"minecraft:crafting_table":2},"minecraft:picked_up":{"minecraft:crafting_table":1,"minecraft:jungle_log":4,"minecraft:leather":3,"minecraft:oak_log":1,"minecraft:string":1,"minecraft:dirt":27,"minecraft:beef":3,"minecraft:oak_sapling":2,"minecraft:cobblestone":20}},"DataVersion":3465}