{"stats":{"minecraft:custom":{"minecraft:jump":1,"minecraft:time_since_rest":1360,"minecraft:damage_dealt":30,"minecraft:leave_game":1,"minecraft:sprint_one_cm":2884,"minecraft:play_time":1360,"minecraft:time_since_death":1360,"minecraft:walk_one_cm":2334,"minecraft:climb_one_cm":180,"minecraft:total_world_time":1360,"minecraft:fly_one_cm":56},"minecraft:mined":{"minecraft:grass":1,"minecraft:grass_block":2,"minecraft:dirt":2},"minecraft:used":{"minecraft:dirt":4},"minecraft:picked_up":{"minecraft:dirt":4}},"DataVersion":3465}