{"stats":{"minecraft:mined":{"minecraft:rose_bush":1},"minecraft:custom":{"minecraft:jump":4,"minecraft:time_since_rest":72563,"minecraft:damage_dealt":20,"minecraft:crouch_one_cm":14,"minecraft:leave_game":2,"minecraft:play_time":72563,"minecraft:sprint_one_cm":3172,"minecraft:time_since_death":72563,"minecraft:walk_one_cm":1110,"minecraft:sneak_time":56,"minecraft:total_world_time":72563,"minecraft:mob_kills":3,"minecraft:fly_one_cm":10695},"minecraft:used":{"minecraft:bow":35,"minecraft:grass_block":2},"minecraft:killed":{"minecraft:pig":1,"minecraft:bee":1,"minecraft:cow":1}},"DataVersion":3465}