{"stats":{"minecraft:mined":{"minecraft:rose_bush":1},"minecraft:custom":{"minecraft:jump":3,"minecraft:time_since_rest":72249,"minecraft:damage_dealt":20,"minecraft:crouch_one_cm":11,"minecraft:leave_game":1,"minecraft:play_time":72249,"minecraft:sprint_one_cm":3172,"minecraft:time_since_death":72249,"minecraft:walk_one_cm":797,"minecraft:sneak_time":17,"minecraft:total_world_time":72249,"minecraft:mob_kills":3,"minecraft:fly_one_cm":1871},"minecraft:used":{"minecraft:bow":35},"minecraft:killed":{"minecraft:pig":1,"minecraft:bee":1,"minecraft:cow":1}},"DataVersion":3465}