{"stats":{"minecraft:mined":{"minecraft:rose_bush":1},"minecraft:custom":{"minecraft:time_since_rest":84816,"minecraft:crouch_one_cm":259,"minecraft:sprint_one_cm":6502,"minecraft:play_time":84816,"minecraft:walk_one_cm":8825,"minecraft:sneak_time":795,"minecraft:mob_kills":8,"minecraft:jump":21,"minecraft:damage_dealt":782,"minecraft:leave_game":3,"minecraft:time_since_death":84816,"minecraft:total_world_time":84816,"minecraft:fly_one_cm":161856},"minecraft:used":{"minecraft:netherite_sword":11,"minecraft:bow":35,"minecraft:grass_block":2},"minecraft:killed":{"minecraft:sheep":2,"minecraft:zombie":3,"minecraft:pig":1,"minecraft:bee":1,"minecraft:cow":1},"minecraft:picked_up":{"minecraft:rotten_flesh":5,"minecraft:mutton":4,"minecraft:white_wool":2,"minecraft:egg":1}},"DataVersion":3465}