{"stats":{"minecraft:mined":{"minecraft:grass":1},"minecraft:custom":{"minecraft:jump":17,"minecraft:time_since_rest":19403,"enigmaticlegacy:play_time_with_seven_curses":0,"minecraft:damage_dealt":44,"minecraft:crouch_one_cm":96,"minecraft:leave_game":1,"minecraft:sprint_one_cm":6149,"minecraft:play_time":19403,"minecraft:damage_taken":150,"minecraft:time_since_death":19403,"minecraft:walk_one_cm":4355,"minecraft:sneak_time":15,"enigmaticlegacy:play_time_without_seven_curses":19403,"minecraft:total_world_time":19403,"minecraft:fly_one_cm":3093}},"DataVersion":3465}