{"stats":{"minecraft:mined":{"minecraft:rose_bush":1},"minecraft:picked_up":{"minecraft:birch_log":1,"minecraft:stick":35,"minecraft:raw_iron":2,"minecraft:feather":29,"minecraft:azure_bluet":5,"minecraft:chicken":26,"minecraft:glow_ink_sac":66,"minecraft:sweet_berries":2,"minecraft:leather":11,"minecraft:dandelion":4,"minecraft:gravel":11,"minecraft:porkchop":38,"minecraft:sand":4,"minecraft:oak_log":1,"minecraft:spruce_sapling":45,"minecraft:ink_sac":9,"minecraft:diorite":7,"minecraft:grass_block":3,"minecraft:spruce_log":3,"minecraft:gunpowder":107,"minecraft:string":40,"minecraft:dirt":253,"minecraft:raw_copper":7,"minecraft:arrow":103,"minecraft:bone":110,"minecraft:rotten_flesh":111,"minecraft:apple":1,"minecraft:wheat_seeds":12,"minecraft:rabbit_hide":2,"minecraft:beef":23,"minecraft:granite":1,"minecraft:rose_bush":1,"minecraft:gold_ingot":2,"minecraft:rail":10,"minecraft:melon_seeds":4,"minecraft:rabbit":3,"minecraft:oak_sapling":25,"minecraft:powered_rail":3,"minecraft:mutton":27,"minecraft:black_wool":3,"minecraft:glow_berries":6,"minecraft:birch_sapling":2,"minecraft:ender_pearl":4,"minecraft:coal":11,"minecraft:snowball":28,"minecraft:white_wool":17,"minecraft:cobblestone":388,"minecraft:egg":2},"minecraft:killed":{"minecraft:sheep":2,"minecraft:zombie":3,"minecraft:pig":1,"minecraft:bee":1,"minecraft:creeper":1,"minecraft:cow":2},"minecraft:custom":{"minecraft:time_since_rest":96171,"minecraft:sprint_one_cm":6507,"minecraft:walk_one_cm":10431,"minecraft:mob_kills":12,"minecraft:damage_dealt":1162,"minecraft:fly_one_cm":332645,"minecraft:crouch_one_cm":354,"minecraft:play_time":96171,"minecraft:sneak_time":1632,"minecraft:jump":30,"minecraft:leave_game":5,"minecraft:time_since_death":96171,"minecraft:total_world_time":96171},"minecraft:used":{"minecraft:creeper_spawn_egg":1,"minecraft:netherite_sword":14,"minecraft:cow_spawn_egg":3,"minecraft:grass_block":2,"minecraft:diamond_sword":3,"minecraft:bow":35}},"DataVersion":3465}