{"stats":{"minecraft:custom":{"minecraft:time_since_rest":3782,"minecraft:crouch_one_cm":44,"minecraft:sprint_one_cm":1992,"minecraft:play_time":3782,"minecraft:walk_one_cm":6384,"minecraft:sneak_time":12,"minecraft:walk_under_water_one_cm":1489,"minecraft:mob_kills":1,"minecraft:jump":14,"minecraft:damage_dealt":200,"minecraft:leave_game":2,"minecraft:walk_on_water_one_cm":226,"minecraft:time_since_death":3782,"minecraft:climb_one_cm":384,"minecraft:total_world_time":3782,"minecraft:swim_one_cm":893,"minecraft:fly_one_cm":1293},"minecraft:mined":{"minecraft:grass":1,"minecraft:grass_block":2,"minecraft:fern":1},"minecraft:killed":{"minecraft:cow":1},"minecraft:used":{"minecraft:cow_spawn_egg":10,"minecraft:dirt":2},"minecraft:picked_up":{"minecraft:leather":1,"minecraft:beef":1,"minecraft:dirt":2}},"DataVersion":3465}