{"stats":{"minecraft:picked_up":{"minecraft:birch_log":4,"minecraft:seagrass":2,"minecraft:stick":4,"minecraft:sandstone":2,"minecraft:andesite":5,"minecraft:copper_ingot":1,"minecraft:torch":13,"minecraft:gravel":4,"minecraft:enchanted_book":1,"minecraft:sand":12,"minecraft:diorite":6,"minecraft:gunpowder":2,"minecraft:lily_of_the_valley":1,"minecraft:redstone":7,"minecraft:lapis_lazuli":14,"minecraft:dirt":41,"minecraft:moss_carpet":29,"minecraft:raw_copper":3,"minecraft:flint_and_steel":1,"minecraft:pumpkin_seeds":6,"minecraft:rotten_flesh":4,"minecraft:activator_rail":3,"minecraft:diamond":1,"minecraft:kelp":17,"minecraft:beetroot_seeds":4,"minecraft:wheat_seeds":19,"minecraft:detector_rail":6,"minecraft:iron_ingot":1,"minecraft:granite":6,"minecraft:golden_apple":2,"minecraft:azalea":7,"minecraft:bread":8,"minecraft:iron_pickaxe":1,"minecraft:powered_rail":5,"minecraft:sugar_cane":5,"minecraft:glow_berries":28,"minecraft:birch_sapling":4,"minecraft:cod":3,"minecraft:coal":12,"minecraft:rail":54,"minecraft:cobblestone":57},"minecraft:killed":{"minecraft:creeper":1},"minecraft:custom":{"minecraft:time_since_rest":11474,"minecraft:sprint_one_cm":1458,"minecraft:walk_one_cm":3661,"minecraft:mob_kills":1,"minecraft:drop":1,"minecraft:damage_dealt":200,"minecraft:swim_one_cm":1787,"minecraft:fly_one_cm":176154,"minecraft:crouch_one_cm":70,"minecraft:play_time":11474,"minecraft:sneak_time":1042,"minecraft:walk_under_water_one_cm":2574,"minecraft:jump":18,"minecraft:leave_game":2,"minecraft:walk_on_water_one_cm":2794,"minecraft:time_since_death":11474,"minecraft:total_world_time":11474},"minecraft:used":{"minecraft:creeper_spawn_egg":1,"minecraft:water_bucket":75,"minecraft:flint_and_steel":51,"minecraft:diamond_sword":3,"minecraft:tnt":5},"minecraft:dropped":{"minecraft:flint_and_steel":1}},"DataVersion":3465}