{"stats":{"minecraft:mined":{"minecraft:rose_bush":1},"minecraft:custom":{"minecraft:jump":9,"minecraft:time_since_rest":73462,"minecraft:damage_dealt":20,"minecraft:crouch_one_cm":27,"minecraft:leave_game":3,"minecraft:play_time":73462,"minecraft:sprint_one_cm":3172,"minecraft:time_since_death":73462,"minecraft:walk_one_cm":2538,"minecraft:sneak_time":62,"minecraft:total_world_time":73462,"minecraft:mob_kills":3,"minecraft:fly_one_cm":11027},"minecraft:used":{"minecraft:bow":35,"minecraft:grass_block":2},"minecraft:killed":{"minecraft:pig":1,"minecraft:bee":1,"minecraft:cow":1},"minecraft:picked_up":{"minecraft:egg":1}},"DataVersion":3465}