{"stats":{"minecraft:mined":{"minecraft:grass_block":41},"minecraft:picked_up":{"minecraft:feather":3,"minecraft:chicken":2,"minecraft:bone":2,"minecraft:rotten_flesh":2,"minecraft:glow_ink_sac":4,"minecraft:porkchop":2,"minecraft:ink_sac":4,"minecraft:gunpowder":2,"minecraft:minecart":1,"minecraft:dirt":40,"minecraft:egg":1},"minecraft:killed":{"minecraft:chicken":1},"minecraft:custom":{"minecraft:time_since_rest":17525,"minecraft:damage_taken":100,"minecraft:crouch_one_cm":34516,"minecraft:sprint_one_cm":10617,"minecraft:play_time":17525,"minecraft:walk_one_cm":43576,"minecraft:sneak_time":2648,"minecraft:mob_kills":1,"minecraft:drop":1,"minecraft:jump":69,"minecraft:minecart_one_cm":938,"minecraft:damage_dealt":145,"minecraft:leave_game":1,"minecraft:time_since_death":17525,"minecraft:total_world_time":17525,"minecraft:fall_one_cm":968,"minecraft:fly_one_cm":235384},"minecraft:used":{"minecraft:redstone_torch":4,"minecraft:dirt":1,"minecraft:rail":28,"minecraft:grass_block":8,"minecraft:powered_rail":15,"minecraft:minecart":330},"minecraft:dropped":{"minecraft:minecart":1}},"DataVersion":3465}