{"stats":{"minecraft:picked_up":{"minecraft:tnt":46},"minecraft:killed":{"minecraft:axolotl":3,"minecraft:sheep":5,"minecraft:skeleton":22,"minecraft:spider":7,"minecraft:bat":52,"minecraft:drowned":10,"minecraft:glow_squid":7,"minecraft:turtle":12,"minecraft:zombie":3,"minecraft:cod":146,"minecraft:pig":1,"minecraft:dolphin":6,"minecraft:bee":2,"minecraft:creeper":14,"minecraft:chicken":4,"minecraft:squid":19,"minecraft:enderman":1,"minecraft:cow":8},"minecraft:custom":{"minecraft:open_chest":1,"minecraft:time_since_rest":1093,"minecraft:crouch_one_cm":151,"minecraft:play_time":13043,"minecraft:sprint_one_cm":1119,"minecraft:deaths":1,"minecraft:damage_taken":250,"minecraft:walk_one_cm":8100,"minecraft:sneak_time":730,"minecraft:walk_under_water_one_cm":119,"minecraft:mob_kills":328,"minecraft:jump":24,"minecraft:damage_dealt":112,"minecraft:walk_on_water_one_cm":79,"minecraft:time_since_death":1067,"minecraft:total_world_time":13043,"minecraft:fly_one_cm":230197},"minecraft:used":{"minecraft:flint_and_steel":1,"minecraft:zombie_spawn_egg":15}},"DataVersion":3465}