{"stats":{"minecraft:mined":{"minecraft:grass_block":41},"minecraft:custom":{"minecraft:jump":35,"minecraft:time_since_rest":6712,"minecraft:damage_dealt":85,"minecraft:crouch_one_cm":42,"minecraft:sprint_one_cm":6491,"minecraft:play_time":6712,"minecraft:damage_taken":100,"minecraft:time_since_death":6712,"minecraft:walk_one_cm":19037,"minecraft:sneak_time":122,"minecraft:total_world_time":6712,"minecraft:fall_one_cm":968,"minecraft:fly_one_cm":83823},"minecraft:picked_up":{"minecraft:dirt":40,"minecraft:egg":1}},"DataVersion":3465}