{"stats":{"minecraft:crafted":{"minecraft:birch_planks":24,"minecraft:crafting_table":1,"minecraft:stick":16,"minecraft:stone_pickaxe":1,"minecraft:wooden_pickaxe":1,"minecraft:wooden_axe":1},"minecraft:picked_up":{"minecraft:crafting_table":3,"regions_unexplored:silver_birch_leaf_pile":4,"regions_unexplored:silt_dirt":8,"regions_unexplored:silver_birch_log":6,"minecraft:cobblestone":17},"minecraft:custom":{"minecraft:time_since_rest":5807,"enigmaticlegacy:play_time_with_seven_curses":0,"minecraft:sprint_one_cm":34222,"minecraft:play_time":18774,"minecraft:deaths":2,"minecraft:damage_taken":420,"minecraft:walk_one_cm":17105,"minecraft:sneak_time":82,"minecraft:mob_kills":1,"minecraft:jump":20,"minecraft:damage_dealt":115,"minecraft:leave_game":2,"minecraft:time_since_death":8206,"enigmaticlegacy:play_time_without_seven_curses":18632,"minecraft:total_world_time":18774,"minecraft:interact_with_crafting_table":8,"minecraft:fall_one_cm":693,"minecraft:fly_one_cm":2758},"minecraft:killed_by":{"alexsmobs:raccoon":1,"minecraft:skeleton":1},"minecraft:mined":{"minecraft:grass":2,"regions_unexplored:silt_dirt":4,"regions_unexplored:silver_birch_log":6,"regions_unexplored:silver_birch_leaf_pile":1,"minecraft:fire":8,"regions_unexplored:medium_grass":2,"minecraft:stone":18,"regions_unexplored:silt_grass_block":4,"minecraft:crafting_table":3,"regions_unexplored:silver_birch_leaves":1},"minecraft:killed":{"alexsmobs:raccoon":1},"minecraft:used":{"minecraft:wooden_axe":1,"minecraft:crafting_table":3,"minecraft:stone_pickaxe":15,"tombstone:gift":1,"minecraft:wooden_pickaxe":4,"regions_unexplored:silt_dirt":4}},"DataVersion":3465}