{"stats":{"minecraft:picked_up":{"regions_unexplored:silt_dirt":1},"minecraft:custom":{"minecraft:jump":7,"minecraft:time_since_rest":3027,"enigmaticlegacy:play_time_with_seven_curses":0,"minecraft:damage_dealt":115,"minecraft:deaths":1,"minecraft:sprint_one_cm":11170,"minecraft:play_time":5277,"minecraft:damage_taken":200,"minecraft:time_since_death":3431,"minecraft:walk_one_cm":7762,"enigmaticlegacy:play_time_without_seven_curses":5246,"minecraft:total_world_time":5277,"minecraft:mob_kills":1,"minecraft:fly_one_cm":916},"minecraft:killed_by":{"alexsmobs:raccoon":1},"minecraft:mined":{"minecraft:grass":1,"regions_unexplored:medium_grass":2,"regions_unexplored:silt_grass_block":1},"minecraft:killed":{"alexsmobs:raccoon":1},"minecraft:used":{"tombstone:gift":1,"regions_unexplored:silt_dirt":1}},"DataVersion":3465}