{"stats":{"minecraft:picked_up":{"minecraft:sand":1,"minecraft:dirt":5,"minecraft:cobblestone":6},"minecraft:custom":{"minecraft:jump":20,"minecraft:time_since_rest":659,"minecraft:leave_game":1,"minecraft:damage_dealt":8,"minecraft:deaths":1,"minecraft:walk_on_water_one_cm":42,"minecraft:sprint_one_cm":5490,"minecraft:play_time":6097,"minecraft:damage_taken":315,"minecraft:time_since_death":636,"minecraft:walk_one_cm":10634,"minecraft:total_world_time":6097,"minecraft:fall_one_cm":3519,"minecraft:fly_one_cm":1546},"minecraft:mined":{"minecraft:grass_block":5,"minecraft:sand":1},"minecraft:used":{"minecraft:dirt":5,"minecraft:sand":1}},"DataVersion":3465}