{"stats":{"minecraft:custom":{"minecraft:time_since_rest":804,"minecraft:leave_game":1,"minecraft:sprint_one_cm":5229,"minecraft:play_time":804,"minecraft:damage_taken":30,"minecraft:time_since_death":804,"minecraft:walk_one_cm":2460,"minecraft:total_world_time":804,"minecraft:fall_one_cm":838,"minecraft:fly_one_cm":248},"minecraft:mined":{"minecraft:grass":1,"minecraft:grass_block":4,"minecraft:dirt":1},"minecraft:used":{"minecraft:dirt":5},"minecraft:picked_up":{"minecraft:dirt":5}},"DataVersion":3465}