{"stats":{"minecraft:picked_up":{"regions_unexplored:silver_birch_leaf_pile":4,"regions_unexplored:silt_dirt":3},"minecraft:custom":{"enigmaticlegacy:play_time_with_seven_curses":0,"minecraft:time_since_rest":1,"minecraft:play_time":12835,"minecraft:sprint_one_cm":22351,"minecraft:walk_one_cm":12221,"minecraft:damage_taken":400,"minecraft:deaths":2,"minecraft:mob_kills":1,"minecraft:jump":16,"minecraft:damage_dealt":115,"minecraft:leave_game":1,"minecraft:time_since_death":2267,"enigmaticlegacy:play_time_without_seven_curses":12693,"minecraft:total_world_time":12835,"minecraft:fall_one_cm":209,"minecraft:fly_one_cm":2563},"minecraft:killed_by":{"minecraft:skeleton":1,"alexsmobs:raccoon":1},"minecraft:mined":{"minecraft:grass":2,"regions_unexplored:silver_birch_leaf_pile":1,"minecraft:fire":8,"regions_unexplored:medium_grass":2,"regions_unexplored:silt_grass_block":3},"minecraft:killed":{"alexsmobs:raccoon":1},"minecraft:used":{"regions_unexplored:silt_dirt":3,"tombstone:gift":1}},"DataVersion":3465}