{
  "minecraft:recipes/decorations/crafting_table": {
    "criteria": {
      "unlock_right_away": "2024-06-25 04:20:24 +0000"
    },
    "done": true
  },
  "minecraft:adventure/root": {
    "criteria": {
      "killed_by_something": "2024-06-25 04:21:11 +0000"
    },
    "done": true
  },
  "minecraft:adventure/kill_all_mobs": {
    "criteria": {
      "minecraft:skeleton": "2024-06-25 04:22:10 +0000",
      "minecraft:creeper": "2024-06-25 04:22:10 +0000",
      "minecraft:zombie": "2024-06-25 04:22:10 +0000"
    },
    "done": false
  },
  "minecraft:adventure/kill_a_mob": {
    "criteria": {
      "minecraft:skeleton": "2024-06-25 04:22:10 +0000"
    },
    "done": true
  },
  "minecraft:adventure/adventuring_time": {
    "criteria": {
      "minecraft:taiga": "2024-06-25 04:20:25 +0000",
      "minecraft:forest": "2024-06-25 04:22:47 +0000"
    },
    "done": false
  },
  "DataVersion": 3465
}