{
  "minecraft:recipes/food/cake": {
    "criteria": {
      "has_egg": "2024-06-25 04:19:30 +0000"
    },
    "done": true
  },
  "minecraft:recipes/decorations/crafting_table": {
    "criteria": {
      "unlock_right_away": "2024-06-25 04:18:45 +0000"
    },
    "done": true
  },
  "minecraft:adventure/adventuring_time": {
    "criteria": {
      "minecraft:taiga": "2024-06-25 04:18:46 +0000",
      "minecraft:forest": "2024-06-25 04:18:50 +0000"
    },
    "done": false
  },
  "DataVersion": 3465
}